hsa-mir-200a,hsa-mir-200b
hsa-mir-200a,SBDS
hsa-mir-200a,SKA3
hsa-mir-200a,AP1S3
hsa-mir-200a,RPS6KA1
hsa-mir-200a,GABARAPL1
hsa-mir-200a,MBOAT2
hsa-mir-200a,C19orf12
hsa-mir-200a,C3orf52
hsa-mir-200a,EBF3
hsa-mir-200a,hsa-mir-141
hsa-mir-200a,CELSR1
hsa-mir-200a,FANCF
hsa-mir-200a,MGLL
hsa-mir-200a,MYCBP
hsa-mir-200b,hsa-mir-200a
hsa-mir-200b,TACSTD2
hsa-mir-200b,hsa-mir-200c
hsa-mir-200b,CABYR
hsa-mir-200b,FXYD3
SBDS,FEZ2
SBDS,155370
SBDS,CLSTN3
SBDS,GABARAPL1
SBDS,ARID1A
SBDS,TCF3
SBDS,KIF24
SBDS,FBXL19
SBDS,CFL2
SBDS,NUP210
SBDS,84981
SBDS,PSRC1
SBDS,CDT1
SBDS,ACAT1
SBDS,CHD4
SBDS,CACNB3
SBDS,C21orf58
SBDS,MAP1LC3B
SBDS,RABGEF1
SBDS,CCNF
SBDS,SETD3
SBDS,BMF
SBDS,TRIM46
SBDS,CAT
SBDS,PROSER3
SBDS,SOX12
SBDS,MPC1
SBDS,JARID2
SBDS,PTBP1
SBDS,RHPN1
SBDS,FOXP3
SBDS,AKTIP
SBDS,SUCLA2
SBDS,TET3
SBDS,BCL9
SBDS,hsa-mir-450b
SBDS,SIPA1L3
SBDS,NDE1
SBDS,KNOP1
SBDS,FANCD2
SBDS,PAQR4
SBDS,LYRM1
SBDS,DHX34
SBDS,MARCKSL1
SBDS,EIF1
SBDS,PACSIN1
SBDS,RHOQ
SBDS,RASSF7
SBDS,RCC2
SBDS,LEF1
SBDS,CCDC64
SBDS,RNF44
SBDS,C4orf3
SBDS,ZNF687
SBDS,KDM5B
SBDS,EPM2A
SBDS,hsa-mir-200a
SBDS,ILF3
SBDS,PPP2CB
SBDS,ZNF490
SBDS,SLC12A7
SBDS,ODF2
SBDS,AK3
SBDS,TLE3
SBDS,STRADB
SBDS,KLHL17
SBDS,284739
SBDS,DCAF7
SBDS,SLX4
SBDS,ANKRD46
SBDS,ZNF74
SBDS,MXRA7
SBDS,NIPSNAP1
SBDS,PYCR1
SBDS,ISG20L2
SBDS,KIF26B
SBDS,SPATS2
SBDS,UBE2B
SBDS,CDCA4
SBDS,SERINC1
SBDS,hsa-mir-141
SBDS,UFSP2
SBDS,SH3GLB1
SBDS,HCFC1
SBDS,CELSR1
SBDS,PCGF2
SBDS,KIAA1211
SBDS,AZI2
SBDS,PIK3R2
SBDS,NUP62
SBDS,493754
SBDS,LMNB2
SBDS,C22orf39
SBDS,FGD6
SBDS,BLCAP
SBDS,ZFP62
SBDS,DNMT3A
SBDS,FAM76A
SBDS,STX12
SBDS,PCYOX1
SBDS,SDHD
SBDS,ADORA2A
SBDS,CCDC88C
SBDS,LPAR2
SBDS,LYRM5
SKA3,NUSAP1
SKA3,GINS1
SKA3,STIL
SKA3,KIF18A
SKA3,CAT
SKA3,hsa-mir-200a
SKA3,F8
SKA3,ANLN
SKA3,GPR146
SKA3,SKA1
SKA3,FOXM1
SKA3,KIF11
SKA3,CCNB1
SKA3,EZH1
SKA3,ASF1B
SKA3,SGOL1
SKA3,FAM111B
SKA3,TK2
SKA3,ELMOD3
SKA3,FAM219B
SKA3,339005
SKA3,DIAPH3
SKA3,KIF4A
SKA3,RMI2
SKA3,LGI4
SKA3,HJURP
SKA3,LMNB1
SKA3,SEMA3G
SKA3,TRIM59
SKA3,DEPDC1
SKA3,TK1
SKA3,ACSS2
SKA3,SCN4A
SKA3,hsa-mir-141
SKA3,CCNA2
SKA3,NCAPH
SKA3,BIRC5
SKA3,CEP55
SKA3,KCTD5
SKA3,UHRF1
SKA3,CENPU
SKA3,E2F7
SKA3,DEPDC1B
SKA3,DMTN
SKA3,RRM2
SKA3,TRIP13
AP1S3,PROM2
AP1S3,SLC30A7
AP1S3,TPMT
AP1S3,TMEM87B
AP1S3,MAN2A2
AP1S3,SLC35A2
AP1S3,GCH1
AP1S3,CDS1
AP1S3,ZNF544
AP1S3,MGAT4A
AP1S3,KIAA0101
AP1S3,SLC20A1
AP1S3,CCDC6
AP1S3,EZR
AP1S3,LNX2
AP1S3,ZNRF2
AP1S3,PLS1
AP1S3,SLC35F2
AP1S3,MREG
AP1S3,XRCC5
AP1S3,GPR39
AP1S3,RPS6KA1
AP1S3,HNRNPF
AP1S3,CLDN7
AP1S3,ANKRD22
AP1S3,ADCK3
AP1S3,KMO
AP1S3,B3GNT2
AP1S3,NIPSNAP3B
AP1S3,PKIB
AP1S3,FANCD2
AP1S3,hsa-mir-200a
AP1S3,EPM2A
AP1S3,EPT1
AP1S3,MSMO1
AP1S3,643837
AP1S3,SSX2IP
AP1S3,PRRG4
AP1S3,SEC23B
AP1S3,ZNF860
AP1S3,SPAG1
AP1S3,TSPAN3
AP1S3,CDCP1
AP1S3,PGM2
AP1S3,RAB11FIP4
AP1S3,TTC7B
AP1S3,MAPKAP1
AP1S3,STX3
AP1S3,CCDC64
AP1S3,MBOAT2
AP1S3,ACADS
AP1S3,ST3GAL3
AP1S3,SLC25A23
AP1S3,TRIM59
AP1S3,TMEM33
AP1S3,CNOT6
AP1S3,MCOLN2
AP1S3,CCDC92
AP1S3,SNX15
AP1S3,DIAPH1
AP1S3,EGLN3
AP1S3,PGAP2
AP1S3,SLC25A17
AP1S3,PSME4
AP1S3,B4GALT1
AP1S3,GK
AP1S3,DNAJC10
AP1S3,TMEM41B
AP1S3,ARHGEF7
AP1S3,NCEH1
AP1S3,RCAN3
AP1S3,C3orf52
AP1S3,FOXA1
RPS6KA1,ST14
RPS6KA1,653639
RPS6KA1,NFKBIE
RPS6KA1,ADPGK
RPS6KA1,IKBKE
RPS6KA1,ADCK3
RPS6KA1,B3GALT6
RPS6KA1,PHYH
RPS6KA1,ARG2
RPS6KA1,RCC2
RPS6KA1,CS
RPS6KA1,TRIM14
RPS6KA1,LPAR2
RPS6KA1,RNF157
RPS6KA1,TMEM51
RPS6KA1,CNDP2
RPS6KA1,TEAD1
RPS6KA1,PDHA1
RPS6KA1,AGTRAP
RPS6KA1,UBA2
RPS6KA1,hsa-mir-200a
RPS6KA1,SLC12A8
RPS6KA1,TMEM170B
RPS6KA1,STBD1
RPS6KA1,PDIA4
RPS6KA1,BCL2L13
RPS6KA1,PRDX6
RPS6KA1,FCGR1A
RPS6KA1,HADH
RPS6KA1,ANKRD40
RPS6KA1,VASP
RPS6KA1,TMED3
RPS6KA1,SIGLEC10
RPS6KA1,MARCKSL1
RPS6KA1,FBLIM1
RPS6KA1,HSDL2
RPS6KA1,NUBPL
RPS6KA1,KIAA1522
RPS6KA1,EFNA4
RPS6KA1,TRIM26
RPS6KA1,NKIRAS1
RPS6KA1,MTFP1
RPS6KA1,C22orf39
RPS6KA1,TRAFD1
RPS6KA1,CSK
RPS6KA1,RASSF7
RPS6KA1,ITPR3
RPS6KA1,TSPAN3
RPS6KA1,YWHAG
RPS6KA1,PLEKHN1
RPS6KA1,AP1S3
RPS6KA1,PEX19
RPS6KA1,ACAT1
RPS6KA1,CLTCL1
GABARAPL1,FAM89A
GABARAPL1,PARK2
GABARAPL1,HNRNPF
GABARAPL1,FANCF
GABARAPL1,PSRC1
GABARAPL1,EPM2A
GABARAPL1,CDC14B
GABARAPL1,WASF3
GABARAPL1,MAN2A2
GABARAPL1,LARP6
GABARAPL1,SBDS
GABARAPL1,TMEM246
GABARAPL1,hsa-mir-200a
GABARAPL1,PYCR1
GABARAPL1,CAT
GABARAPL1,RHOQ
GABARAPL1,HSPB7
GABARAPL1,144571
GABARAPL1,PTRF
GABARAPL1,PGAP2
GABARAPL1,84981
GABARAPL1,KIF24
GABARAPL1,CUBN
GABARAPL1,ACSM5
GABARAPL1,ARHGEF7
GABARAPL1,440253
GABARAPL1,CAV1
GABARAPL1,HABP4
GABARAPL1,WDHD1
GABARAPL1,78998
GABARAPL1,MCAM
GABARAPL1,SSX2IP
GABARAPL1,PBK
GABARAPL1,CYP46A1
GABARAPL1,FAM86C1
GABARAPL1,CANT1
GABARAPL1,CCDC50
GABARAPL1,GNAI1
GABARAPL1,FOXN3
GABARAPL1,CCDC141
GABARAPL1,LIG3
GABARAPL1,HNRNPC
GABARAPL1,339201
GABARAPL1,ACSS2
GABARAPL1,GPATCH2
GABARAPL1,158376
GABARAPL1,MSRA
GABARAPL1,ZWINT
GABARAPL1,SOX12
GABARAPL1,SNX21
GABARAPL1,HN1L
GABARAPL1,LATS2
GABARAPL1,TTC39A
GABARAPL1,C19orf12
GABARAPL1,CYB5R3
GABARAPL1,RAB6B
GABARAPL1,RRAGD
GABARAPL1,METTL7A
GABARAPL1,CYP26B1
GABARAPL1,SOBP
GABARAPL1,MAP1LC3B
GABARAPL1,KNOP1
GABARAPL1,KLHL31
GABARAPL1,STX12
GABARAPL1,PDZD2
GABARAPL1,STRBP
GABARAPL1,SGPL1
GABARAPL1,hsa-mir-378
GABARAPL1,BCL6
GABARAPL1,GINS1
GABARAPL1,NMT2
GABARAPL1,DNAAF5
GABARAPL1,CCDC64
GABARAPL1,C3orf52
GABARAPL1,MRAS
GABARAPL1,CCDC69
GABARAPL1,SAP130
GABARAPL1,TMBIM1
GABARAPL1,TMOD1
GABARAPL1,BTNL9
GABARAPL1,MPZ
GABARAPL1,MYCBP
GABARAPL1,MAP7D3
GABARAPL1,F8
GABARAPL1,CD36
GABARAPL1,TINAGL1
GABARAPL1,PIGM
GABARAPL1,SLC50A1
GABARAPL1,DMTN
GABARAPL1,KLF15
GABARAPL1,FHL1
GABARAPL1,AOC3
GABARAPL1,GYPC
MBOAT2,ENTPD7
MBOAT2,CDCP1
MBOAT2,UBXN4
MBOAT2,LCLAT1
MBOAT2,GYPC
MBOAT2,TMEM87B
MBOAT2,CASP6
MBOAT2,ADCK3
MBOAT2,ALG6
MBOAT2,IGSF3
MBOAT2,PTK6
MBOAT2,CCDC6
MBOAT2,ZNF260
MBOAT2,C3orf52
MBOAT2,hsa-mir-200a
MBOAT2,CASP3
MBOAT2,STIL
MBOAT2,KDM5B
MBOAT2,IRS2
MBOAT2,GATS
MBOAT2,SORD
MBOAT2,C22orf39
MBOAT2,PSME4
MBOAT2,HN1L
MBOAT2,TMEM263
MBOAT2,GALNT7
MBOAT2,ST3GAL3
MBOAT2,CCDC85A
MBOAT2,SGPL1
MBOAT2,STAT5B
MBOAT2,TOP1
MBOAT2,FRK
MBOAT2,PAWR
MBOAT2,BCOR
MBOAT2,OPTN
MBOAT2,CTIF
MBOAT2,AKAP5
MBOAT2,LRRC1
MBOAT2,NPNT
MBOAT2,AP1S3
MBOAT2,PKIG
MBOAT2,TPMT
MBOAT2,ZNF606
MBOAT2,HMGCR
MBOAT2,CFL2
MBOAT2,UBE2G2
MBOAT2,REEP2
MBOAT2,SLC25A20
MBOAT2,SPATS2
MBOAT2,TMEM246
MBOAT2,BRCC3
MBOAT2,SAP130
MBOAT2,SLC50A1
MBOAT2,FAM219B
MBOAT2,SRSF1
MBOAT2,PPM1H
MBOAT2,ZNF93
MBOAT2,EZH1
MBOAT2,PIGM
MBOAT2,MECR
MBOAT2,SLC30A7
MBOAT2,PEX13
MBOAT2,KLHDC8B
MBOAT2,ZBTB47
MBOAT2,P4HA1
MBOAT2,C19orf12
MBOAT2,MSMO1
MBOAT2,ADSS
MBOAT2,FUNDC1
MBOAT2,TUBA8
MBOAT2,TRIM59
MBOAT2,TMEM86A
MBOAT2,CLYBL
MBOAT2,HMGN1
MBOAT2,C16orf70
MBOAT2,CEP68
MBOAT2,SLC35A2
MBOAT2,ZNF138
MBOAT2,RAB3D
C19orf12,ITGB1BP1
C19orf12,ANGPT1
C19orf12,STX11
C19orf12,SH3GLB1
C19orf12,MDFIC
C19orf12,TRIM59
C19orf12,FAM89A
C19orf12,CAT
C19orf12,ARHGAP21
C19orf12,OPTN
C19orf12,SPTBN1
C19orf12,hsa-mir-200a
C19orf12,PIP4K2C
C19orf12,AIFM2
C19orf12,MBOAT2
C19orf12,RHOQ
C19orf12,PALM2-AKAP2
C19orf12,GPAM
C19orf12,TMBIM1
C19orf12,C1orf74
C19orf12,DLG3
C19orf12,KNOP1
C19orf12,NIPSNAP3B
C19orf12,SPATS2
C19orf12,HSF2BP
C19orf12,CCDC69
C19orf12,ABCD2
C19orf12,PLXNA4
C19orf12,GNG2
C19orf12,SBK1
C19orf12,FAM102A
C19orf12,NUP210
C19orf12,SSX2IP
C19orf12,PIK3R2
C19orf12,GNAI1
C19orf12,FAM110A
C19orf12,MMD
C19orf12,EHBP1
C19orf12,CPM
C19orf12,SIK2
C19orf12,TMED3
C19orf12,ACSL1
C19orf12,FKBP4
C19orf12,ATP8B1
C19orf12,92659
C19orf12,MARCKSL1
C19orf12,KDM5B
C19orf12,TNS1
C19orf12,PYCR1
C19orf12,ADH5
C19orf12,HN1L
C19orf12,NCOA5
C19orf12,TRIB3
C19orf12,GINS2
C19orf12,FOXN2
C19orf12,NMT2
C19orf12,TMEM140
C19orf12,ARHGEF6
C19orf12,PTK6
C19orf12,LEF1
C19orf12,MCAM
C19orf12,ACSS2
C19orf12,MRAS
C19orf12,GDPD5
C19orf12,PFKFB4
C19orf12,QKI
C19orf12,CANT1
C19orf12,NIPSNAP1
C19orf12,GBE1
C19orf12,PKIB
C19orf12,RAB3D
C19orf12,hsa-mir-378
C19orf12,ABCA1
C19orf12,EPM2A
C19orf12,FBXL16
C19orf12,LPL
C19orf12,IGSF3
C19orf12,SLC1A3
C19orf12,STBD1
C19orf12,GTDC1
C19orf12,FANCF
C19orf12,RNF157
C19orf12,TMEM241
C19orf12,100125556
C19orf12,HNRNPF
C19orf12,VWA9
C19orf12,GPR146
C19orf12,ATP8B4
C19orf12,GPX3
C19orf12,LAMP5
C19orf12,CYP26B1
C19orf12,UVRAG
C19orf12,EZR
C19orf12,ADCK3
C19orf12,MYCBP
C19orf12,TMEM37
C19orf12,GYPC
C19orf12,FAM174B
C19orf12,TNIP1
C19orf12,FHL1
C19orf12,HADH
C19orf12,MTFP1
C19orf12,CD99L2
C19orf12,ENTPD7
C19orf12,SH3D19
C19orf12,TSPAN3
C19orf12,ACSM5
C19orf12,SGCB
C19orf12,CELF2
C19orf12,FRMD4A
C19orf12,LIG3
C19orf12,PGM1
C19orf12,DIAPH2
C19orf12,MGLL
C19orf12,DHRS13
C19orf12,VAV3
C19orf12,ZNF552
C19orf12,FOXN3
C19orf12,hsa-mir-452
C19orf12,GABARAPL1
C19orf12,ERAP1
C19orf12,IRX5
C19orf12,TK2
C19orf12,NPNT
C19orf12,PRPF19
C3orf52,GCSAM
C3orf52,LRRC46
C3orf52,GALNT6
C3orf52,MYO6
C3orf52,AKAP5
C3orf52,ZYG11A
C3orf52,GATA3
C3orf52,VAV3
C3orf52,PPM1H
C3orf52,TOM1L1
C3orf52,P2RX4
C3orf52,ATG16L1
C3orf52,FUNDC1
C3orf52,MRPL42
C3orf52,CASP6
C3orf52,FGD6
C3orf52,MBOAT2
C3orf52,AAGAB
C3orf52,SYTL2
C3orf52,hsa-mir-200a
C3orf52,NYNRIN
C3orf52,ARFIP2
C3orf52,CANT1
C3orf52,EIF4EBP2
C3orf52,PRR15
C3orf52,MYCBP
C3orf52,GALNT7
C3orf52,FANCF
C3orf52,CDS1
C3orf52,RBM11
C3orf52,GCNT1
C3orf52,PTPLAD1
C3orf52,TMTC3
C3orf52,RNF2
C3orf52,PGGT1B
C3orf52,SLC44A1
C3orf52,FAM102A
C3orf52,GAB2
C3orf52,RASL11B
C3orf52,ZNF75A
C3orf52,TMEM41B
C3orf52,EZR
C3orf52,283267
C3orf52,CRNKL1
C3orf52,NPNT
C3orf52,GRIP1
C3orf52,ABAT
C3orf52,LRRC16A
C3orf52,MAP7
C3orf52,TSPAN3
C3orf52,SLC52A3
C3orf52,TRAF5
C3orf52,GABARAPL1
C3orf52,GDPD1
C3orf52,PLEKHF2
C3orf52,NUP62CL
C3orf52,SHQ1
C3orf52,PUS7L
C3orf52,FOXA1
C3orf52,RRAGD
C3orf52,TMEM87B
C3orf52,GPATCH2
C3orf52,RTF1
C3orf52,GK
C3orf52,ANKRD22
C3orf52,LRRC1
C3orf52,AP1S3
C3orf52,ERP27
C3orf52,KIAA1598
EBF3,EBF1
EBF3,MEOX2
EBF3,MYCT1
EBF3,SCN4A
EBF3,PDK4
EBF3,CD34
EBF3,TEK
EBF3,ATOH8
EBF3,SDPR
EBF3,HSPB6
EBF3,TSPAN7
EBF3,SHE
EBF3,PGM5
EBF3,ANK2
EBF3,TGFBR2
EBF3,GDF10
EBF3,PDE2A
EBF3,GPR146
EBF3,CXorf36
EBF3,ANGPTL1
EBF3,CAV1
EBF3,IGF1
EBF3,EBF2
EBF3,ABCA9
EBF3,RNF125
EBF3,CCDC69
EBF3,hsa-mir-200a
EBF3,339524
EBF3,LDB2
EBF3,KL
EBF3,TMEM100
EBF3,PSRC1
EBF3,KLF2
EBF3,BMP6
EBF3,UBAP2L
EBF3,FBLN5
EBF3,CHST7
EBF3,GPIHBP1
EBF3,TXNIP
EBF3,F8
EBF3,CASQ2
EBF3,SLC17A7
EBF3,INMT
EBF3,SFPQ
EBF3,LGI4
EBF3,DNAJC9
EBF3,DHRS12
EBF3,KCNAB1
EBF3,ERG
EBF3,BTNL9
EBF3,KLF4
EBF3,LHFP
EBF3,PCDH9
EBF3,TAL1
hsa-mir-141,hsa-mir-200c
hsa-mir-141,hsa-mir-96
hsa-mir-141,EFNA4
hsa-mir-141,FHL1
hsa-mir-141,hsa-mir-200a
hsa-mir-141,RASSF7
hsa-mir-141,FEZ2
hsa-mir-141,CAT
hsa-mir-141,ENTPD7
hsa-mir-141,TET3
hsa-mir-141,DLG3
hsa-mir-141,EHD2
hsa-mir-141,SLC12A8
hsa-mir-141,C22orf39
hsa-mir-141,TBX15
hsa-mir-141,SYNPO
hsa-mir-141,SAPCD2
hsa-mir-141,RHOQ
hsa-mir-141,CDC42EP2
hsa-mir-141,KDM5B
hsa-mir-141,ITSN1
hsa-mir-141,ANO6
hsa-mir-141,AHCY
hsa-mir-141,ACSS2
hsa-mir-141,SBDS
hsa-mir-141,MAPK13
hsa-mir-141,hsa-mir-486
hsa-mir-141,CRTAP
hsa-mir-141,HSF2BP
hsa-mir-141,FERMT2
hsa-mir-141,DKC1
hsa-mir-141,GTF3C2
hsa-mir-141,SPATS2
hsa-mir-141,AFAP1L1
hsa-mir-141,SKA3
hsa-mir-141,NUP210
hsa-mir-141,ACO1
hsa-mir-141,NONO
hsa-mir-141,MARCKSL1
CELSR1,FOXA1
CELSR1,PREX1
CELSR1,RHPN1
CELSR1,RAB11FIP4
CELSR1,SLC39A6
CELSR1,P2RX4
CELSR1,MICALCL
CELSR1,SLC9A3R1
CELSR1,TLE3
CELSR1,FAM102A
CELSR1,MTL5
CELSR1,LRRC56
CELSR1,MSI2
CELSR1,ATP8B1
CELSR1,hsa-mir-200a
CELSR1,PARD6B
CELSR1,RRAGD
CELSR1,LMX1B
CELSR1,SHROOM2
CELSR1,PROSER3
CELSR1,RAB17
CELSR1,TTC39A
CELSR1,EPN3
CELSR1,CCDC114
CELSR1,TMEM229B
CELSR1,RALGPS2
CELSR1,TRAF5
CELSR1,CCDC64
CELSR1,TPBG
CELSR1,MYB
CELSR1,NPNT
CELSR1,RBM47
CELSR1,HHAT
CELSR1,LRRC8E
CELSR1,FAM83H
CELSR1,KIAA1522
CELSR1,MPC1
CELSR1,LRRC46
CELSR1,FGD3
CELSR1,ST3GAL6
CELSR1,MAMLD1
CELSR1,503538
CELSR1,ERBB3
CELSR1,NUP210
CELSR1,DLG5
CELSR1,SH3GLB1
CELSR1,hsa-mir-378
CELSR1,FAM213B
CELSR1,PLEKHN1
CELSR1,EZR
CELSR1,MYO6
CELSR1,CDS1
CELSR1,ZNF497
CELSR1,PVRL2
CELSR1,SLC16A6
CELSR1,CORO2A
CELSR1,CELSR2
CELSR1,RARA
CELSR1,SIPA1L3
CELSR1,NDE1
CELSR1,PFKFB4
CELSR1,PRLR
CELSR1,DNAJC14
CELSR1,CLSTN3
CELSR1,CLDN7
CELSR1,SCNN1A
CELSR1,CA12
CELSR1,348926
CELSR1,GOLM1
CELSR1,TP53I11
CELSR1,MBOAT1
CELSR1,SBDS
CELSR1,FBXL16
CELSR1,DLD
CELSR1,KCNK6
CELSR1,GATA3
CELSR1,MAP1LC3B
CELSR1,PMAIP1
FANCF,GABARAPL1
FANCF,C2orf15
FANCF,RAPGEF1
FANCF,ZBTB9
FANCF,SLC39A11
FANCF,DLST
FANCF,ST6GALNAC6
FANCF,ETS2
FANCF,FAM110A
FANCF,C11orf49
FANCF,KLF4
FANCF,HMGN1
FANCF,SLC25A25
FANCF,SAYSD1
FANCF,SLC2A4
FANCF,GRASP
FANCF,CRNKL1
FANCF,BCDIN3D
FANCF,GYPC
FANCF,hsa-mir-200a
FANCF,TRIM59
FANCF,TMEM41B
FANCF,SIK2
FANCF,CASP6
FANCF,TTC7B
FANCF,ZNF681
FANCF,ABHD17C
FANCF,SVIP
FANCF,KIF1C
FANCF,PIGM
FANCF,ZNF468
FANCF,HNRNPC
FANCF,KIAA0355
FANCF,CCDC34
FANCF,PGAP2
FANCF,100125556
FANCF,MYCBP
FANCF,PAICS
FANCF,SOX12
FANCF,XRCC5
FANCF,MARCKSL1
FANCF,ZNF107
FANCF,MEN1
FANCF,CPED1
FANCF,SUN1
FANCF,SYNPO
FANCF,78998
FANCF,C3orf52
FANCF,RRAGD
FANCF,TMEM14A
FANCF,SLC44A1
FANCF,ARF3
FANCF,hsa-mir-378
FANCF,SRSF1
FANCF,RASL11B
FANCF,SEC23B
FANCF,VWA9
FANCF,ZNF490
FANCF,NDEL1
FANCF,KLF13
FANCF,SLC30A7
FANCF,TOM1L1
FANCF,MPRIP
FANCF,DLG3
FANCF,348926
FANCF,HIVEP2
FANCF,ALPK3
FANCF,HBEGF
FANCF,SNX21
FANCF,FAM212B
FANCF,FHL1
FANCF,NATD1
FANCF,LRRC1
FANCF,C19orf12
FANCF,KDM5B
FANCF,KIAA0754
FANCF,SMIM15
FANCF,HNRNPU
FANCF,RDH11
FANCF,SPTB
FANCF,MAFG
FANCF,CDS1
FANCF,ORC5
FANCF,EEPD1
FANCF,CANT1
FANCF,PCYOX1L
FANCF,PPIL1
FANCF,387328
FANCF,SLC9A3R1
FANCF,IRX5
FANCF,TNS1
FANCF,SNRPE
FANCF,P2RX4
FANCF,KIF18A
FANCF,GATA3
FANCF,TSPAN13
FANCF,MREG
FANCF,PRMT3
FANCF,FOXN3
FANCF,VLDLR
FANCF,VAV3
FANCF,OPTN
FANCF,PLEKHF2
FANCF,HSF2BP
FANCF,NIPSNAP3B
FANCF,PATZ1
FANCF,B3GALNT1
FANCF,AFAP1L1
FANCF,170958
FANCF,MAN2A2
FANCF,MRPL42
FANCF,PITPNM2
FANCF,ZNF106
FANCF,ADCK3
FANCF,CCDC69
FANCF,DNAJC10
FANCF,GOLM1
FANCF,PPARGC1B
FANCF,MTL5
FANCF,TTC30B
FANCF,ADAMTSL4
FANCF,PIM1
FANCF,MAP7D3
FANCF,LEF1
FANCF,CTPS2
FANCF,ACSM5
FANCF,PRMT6
FANCF,TNIP1
FANCF,NIFK
FANCF,ST3GAL3
FANCF,EMP1
FANCF,CD99L2
FANCF,PTPLAD1
FANCF,PDIK1L
FANCF,H3F3A
FANCF,PPT1
FANCF,GFOD1
FANCF,VPS52
FANCF,APOLD1
FANCF,PPP1R11
FANCF,FAM83H
FANCF,DIP2C
FANCF,PDK3
FANCF,KSR1
FANCF,BLOC1S3
FANCF,STRBP
FANCF,HHAT
FANCF,C2CD4C
FANCF,SHROOM2
FANCF,PGM1
FANCF,CTIF
MGLL,ACSM5
MGLL,IQCK
MGLL,LRP1
MGLL,EPAS1
MGLL,SLC29A4
MGLL,IQSEC3
MGLL,DAAM2
MGLL,PCBP3
MGLL,PHLDB2
MGLL,FAM212B
MGLL,ANGPT1
MGLL,RETSAT
MGLL,AFAP1L1
MGLL,GPR146
MGLL,NDN
MGLL,KIF26A
MGLL,PLXNA4
MGLL,PDZD2
MGLL,HNRNPC
MGLL,TMEM37
MGLL,ACSL1
MGLL,TMEM140
MGLL,PRRT4
MGLL,NAA40
MGLL,PPAP2B
MGLL,AOC3
MGLL,SAYSD1
MGLL,TMEM57
MGLL,HN1L
MGLL,hsa-mir-200a
MGLL,EARS2
MGLL,CYB5R3
MGLL,FNIP2
MGLL,DPT
MGLL,VWA9
MGLL,NLRP1
MGLL,PHLDA3
MGLL,SNX21
MGLL,TNS1
MGLL,HNRNPU
MGLL,RHOQ
MGLL,GYPC
MGLL,KNOP1
MGLL,ELMOD3
MGLL,RFTN1
MGLL,FAM213A
MGLL,LRIF1
MGLL,PID1
MGLL,C19orf12
MGLL,FOXN3
MGLL,HABP4
MGLL,GDPD5
MGLL,SLC25A15
MGLL,TBX15
MGLL,STRBP
MGLL,SNRPD1
MGLL,NATD1
MGLL,TBC1D2B
MGLL,339005
MGLL,HNRNPK
MGLL,MOCS1
MGLL,ALG6
MGLL,MAP3K3
MGLL,CPED1
MGLL,RNF157
MGLL,MDFIC
MGLL,GPER1
MGLL,BHMT2
MYCBP,MEAF6
MYCBP,MAP3K3
MYCBP,YIPF1
MYCBP,HN1L
MYCBP,ATXN1L
MYCBP,FANCF
MYCBP,RUSC2
MYCBP,SERP1
MYCBP,SRP9
MYCBP,PARD6B
MYCBP,PPARA
MYCBP,FDXACB1
MYCBP,ATP8B1
MYCBP,HNRNPC
MYCBP,VPS4A
MYCBP,HMGN1
MYCBP,LARP6
MYCBP,EXO5
MYCBP,FAM212B
MYCBP,SIRPB1
MYCBP,HNRNPF
MYCBP,ALG6
MYCBP,SIK2
MYCBP,ZNF43
MYCBP,FKBP4
MYCBP,SLC50A1
MYCBP,ZNRF2
MYCBP,SLC12A4
MYCBP,KIAA1598
MYCBP,SMIM15
MYCBP,MREG
MYCBP,RNF150
MYCBP,RAPGEF1
MYCBP,ZMPSTE24
MYCBP,PLEKHF2
MYCBP,MRPL42
MYCBP,IQCK
MYCBP,GK
MYCBP,C3orf52
MYCBP,VWA9
MYCBP,XBP1
MYCBP,ZNF75A
MYCBP,BCDIN3D
MYCBP,GYPC
MYCBP,HADHA
MYCBP,MPRIP
MYCBP,SNX21
MYCBP,SFXN2
MYCBP,KDM5B
MYCBP,STRBP
MYCBP,PBX1
MYCBP,SHQ1
MYCBP,CASP6
MYCBP,GNPNAT1
MYCBP,TMBIM6
MYCBP,RAB3D
MYCBP,ERP27
MYCBP,DIABLO
MYCBP,ARF6
MYCBP,ARF3
MYCBP,LYPLA1
MYCBP,SNRPE
MYCBP,NATD1
MYCBP,FBXO31
MYCBP,CNOT11
MYCBP,FLCN
MYCBP,PEX11B
MYCBP,MTL5
MYCBP,KIAA0355
MYCBP,TMEM69
MYCBP,ZNF682
MYCBP,hsa-mir-200a
MYCBP,CDS1
MYCBP,PPT1
MYCBP,SLC2A1
MYCBP,AAGAB
MYCBP,LAMC1
MYCBP,TTC39A
MYCBP,RRAGD
MYCBP,C19orf12
MYCBP,SUN2
MYCBP,LSM12
MYCBP,MOCS3
MYCBP,TWF1
MYCBP,RPAP3
MYCBP,ZDHHC6
MYCBP,TMEM41B
MYCBP,PPIL1
MYCBP,OTUB2
MYCBP,SHANK3
MYCBP,TMEM14A
MYCBP,MRAS
MYCBP,DIP2C
MYCBP,TMED2
MYCBP,PIP4K2C
MYCBP,TMEM206
MYCBP,SUDS3
MYCBP,COPZ1
MYCBP,HSPH1
MYCBP,GATA3
MYCBP,CYB5R3
MYCBP,SIRPA
MYCBP,GABARAPL1
MYCBP,hsa-mir-342
MYCBP,HDAC1
MYCBP,ZNF468
MYCBP,SRSF1
MYCBP,SORD
MYCBP,MIPOL1
MYCBP,CES2
MYCBP,SLC9A3R1
MYCBP,CANT1
MYCBP,SIAH2
MYCBP,CTPS2
MYCBP,FGFR1OP
MYCBP,HNRNPU
MYCBP,MAN2A2
MYCBP,TMEM254
MYCBP,HABP4
MYCBP,ZNF691
